scheme_code,scheme_name,base_name,category,predicted_cagr_percent,category_risk_tier
145137,INVESCO INDIA SMALLCAP FUND - -,INVESCO INDIA SMALLCAP FUND,small_cap,13.47,medium
120828,QUANT SMALL CAP FUND - -,QUANT SMALL CAP FUND,small_cap,12.97,high
145678,BANK OF INDIA SMALL CAP FUND,BANK OF INDIA SMALL CAP FUND,small_cap,12.63,high
118777,NIPPON INDIA SMALL CAP FUND - -,NIPPON INDIA SMALL CAP FUND,small_cap,12.31,medium
140228,EDELWEISS MID CAP FUND - -,EDELWEISS MID CAP FUND,mid_cap,12.25,medium
142110,MAHINDRA MANULIFE MID CAP FUND - -,MAHINDRA MANULIFE MID CAP FUND,mid_cap,11.92,high
140107,CPSE ETF,CPSE ETF,index_fund,11.8,high
120403,INVESCO INDIA MIDCAP FUND - -,INVESCO INDIA MIDCAP FUND,mid_cap,11.77,medium
127042,MOTILAL OSWAL MIDCAP FUND- -,MOTILAL OSWAL MIDCAP FUND,mid_cap,11.7,high
141957,BHARAT 22 ETF,BHARAT 22 ETF,index_fund,11.7,high
145209,TATA SMALL CAP FUND - OF INCOME DISTRIBUTION CUM CAPITAL WITHDRAWAL,TATA SMALL CAP FUND OF INCOME DISTRIBUTION CUM CAPITAL WITHDRAWAL,small_cap,11.49,medium
145206,TATA SMALL CAP FUND- -,TATA SMALL CAP FUND,small_cap,11.49,medium
118668,NIPPON INDIA MID CAP FUND - -,NIPPON INDIA MID CAP FUND,mid_cap,11.28,medium
118989,HDFC MID CAP FUND - -,HDFC MID CAP FUND,mid_cap,11.21,medium
120843,QUANT FLEXI CAP FUND - -,QUANT FLEXI CAP FUND,multi_cap,11.16,high
125354,AXIS SMALL CAP FUND - -,AXIS SMALL CAP FUND,small_cap,10.98,low
130503,HDFC SMALL CAP FUND - -,HDFC SMALL CAP FUND,small_cap,10.88,medium
120840,QUANT MID CAP FUND - -,QUANT MID CAP FUND,mid_cap,10.84,high
119775,KOTAK MIDCAP FUND - -,KOTAK MIDCAP FUND,mid_cap,10.74,medium
122639,PARAG PARIKH FLEXI CAP FUND - -,PARAG PARIKH FLEXI CAP FUND,multi_cap,10.71,low
141226,MAHINDRA MANULIFE MULTI CAP FUND - -,MAHINDRA MANULIFE MULTI CAP FUND,multi_cap,10.62,high
145138,INVESCO INDIA SMALLCAP FUND - - ( / ),INVESCO INDIA SMALLCAP FUND ( / ),small_cap,10.6,high
120531,INVESCO INDIA GOLD ETF FUND OF FUND - -,INVESCO INDIA GOLD ETF FUND OF FUND,index_fund,10.37,high
119132,HDFC GOLD ETF FUND OF FUND -,HDFC GOLD ETF FUND OF FUND,index_fund,10.3,high
118419,BANDHAN LARGE & MID CAP FUND - -,BANDHAN LARGE & MID CAP FUND,mid_cap,10.27,low
118955,HDFC FLEXI CAP FUND - -,HDFC FLEXI CAP FUND,multi_cap,10.23,low
120530,INVESCO INDIA GOLD ETF FUND OF FUND - - ( / ),INVESCO INDIA GOLD ETF FUND OF FUND ( / ),index_fund,10.22,high
120596,ICICI PRUDENTIAL LARGE & MID CAP FUND - -,ICICI PRUDENTIAL LARGE & MID CAP FUND,mid_cap,10.19,low
120357,INVESCO INDIA LARGE & MID CAP FUND - -,INVESCO INDIA LARGE & MID CAP FUND,mid_cap,10.1,medium
119212,DSP SMALL CAP FUND - -,DSP SMALL CAP FUND,small_cap,10.1,medium
125497,SBI SMALL CAP FUND - -,SBI SMALL CAP FUND,small_cap,10.05,low
145110,AXIS LARGE & MID CAP FUND - -,AXIS LARGE & MID CAP FUND,mid_cap,10.04,low
120823,QUANT MULTI CAP FUND- -,QUANT MULTI CAP FUND,multi_cap,10.01,high
119178,TATA MID CAP FUND - -,TATA MID CAP FUND,mid_cap,10.01,medium
118651,NIPPON INDIA MULTI CAP FUND - -,NIPPON INDIA MULTI CAP FUND,multi_cap,10.01,medium
144916,SBI BSE SENSEX NEXT 50 ETF,SBI BSE SENSEX NEXT 50 ETF,index_fund,10.0,high
120505,AXIS MIDCAP FUND - -,AXIS MIDCAP FUND,mid_cap,9.95,medium
120164,KOTAK SMALL CAP FUND - -,KOTAK SMALL CAP FUND,small_cap,9.91,low
114456,MOTILAL OSWAL NIFTY MIDCAP 100 ETF,MOTILAL OSWAL NIFTY MIDCAP 100 ETF,index_fund,9.9,high
120381,ICICI PRUDENTIAL MIDCAP FUND - -,ICICI PRUDENTIAL MIDCAP FUND,mid_cap,9.9,high
125307,PGIM INDIA MIDCAP FUND - -,PGIM INDIA MIDCAP FUND,mid_cap,9.89,medium
120492,JM FLEXICAP FUND ( ) -,JM FLEXICAP FUND ( ),multi_cap,9.86,high
120591,ICICI PRUDENTIAL SMALLCAP FUND - -,ICICI PRUDENTIAL SMALLCAP FUND,small_cap,9.79,low
119774,KOTAK MIDCAP FUND - - - & RE INVESTMENT OF INCOME DISTRIBUTION CUM CAPITAL WITHDRAWAL,KOTAK MIDCAP FUND & RE INVESTMENT OF INCOME DISTRIBUTION CUM CAPITAL WITHDRAWAL,mid_cap,9.72,medium
118834,MIRAE ASSET LARGE & MIDCAP FUND - -,MIRAE ASSET LARGE & MIDCAP FUND,mid_cap,9.69,low
140175,EDELWEISS LARGE & MID CAP FUND - -,EDELWEISS LARGE & MID CAP FUND,mid_cap,9.61,medium
119581,SUNDARAM MID CAP FUND -,SUNDARAM MID CAP FUND,mid_cap,9.6,medium
118525,FRANKLIN INDIA SMALL CAP FUND - -,FRANKLIN INDIA SMALL CAP FUND,small_cap,9.51,medium
120826,QUANT LARGE & MID CAP FUND - -,QUANT LARGE & MID CAP FUND,mid_cap,9.48,high
118533,FRANKLIN INDIA MID CAP FUND - -,FRANKLIN INDIA MID CAP FUND,mid_cap,9.46,medium
120158,KOTAK LARGE & MIDCAP FUND - -,KOTAK LARGE & MIDCAP FUND,mid_cap,9.44,low
119218,DSP LARGE & MID CAP FUND - -,DSP LARGE & MID CAP FUND,mid_cap,9.42,low
140353,EDELWEISS FLEXI CAP FUND - -,EDELWEISS FLEXI CAP FUND,multi_cap,9.41,medium
129649,UNION SMALL CAP FUND - -,UNION SMALL CAP FUND,small_cap,9.38,medium
130498,HDFC LARGE AND MID CAP FUND - -,HDFC LARGE AND MID CAP FUND,mid_cap,9.34,medium
106929,KOTAK NIFTY PSU BANK ETF,KOTAK NIFTY PSU BANK ETF,index_fund,9.33,high
119721,SBI LARGE & MIDCAP FUND - -,SBI LARGE & MIDCAP FUND,mid_cap,9.23,low
139527,BANK OF INDIA MID & SMALL CAP EQUITY & DEBT FUND -,BANK OF INDIA MID & SMALL CAP EQUITY & DEBT FUND,small_cap,9.21,medium
118633,NIPPON INDIA LARGE CAP FUND - -,NIPPON INDIA LARGE CAP FUND,large_cap,9.16,medium
120665,UTI LARGE & MID CAP FUND - -,UTI LARGE & MID CAP FUND,mid_cap,9.14,low
119589,SUNDARAM SMALL CAP FUND -,SUNDARAM SMALL CAP FUND,small_cap,9.1,medium
119716,SBI MIDCAP FUND - -,SBI MIDCAP FUND,mid_cap,9.05,low
140102,NIPPON INDIA ETF NIFTY INFRASTRUCTURE BEES,NIPPON INDIA ETF NIFTY INFRASTRUCTURE BEES,index_fund,9.04,high
125496,SBI SMALL CAP FUND - - INCOME DISTRIBUTION CUM CAPITAL WITHDRAWAL ( ),SBI SMALL CAP FUND INCOME DISTRIBUTION CUM CAPITAL WITHDRAWAL ( ),small_cap,9.03,low
120356,INVESCO INDIA LARGE & MID CAP FUND - - ( / ),INVESCO INDIA LARGE & MID CAP FUND ( / ),mid_cap,8.91,medium
120163,KOTAK SMALL CAP FUND - OF INCOME DISTRIBUTION CUM CAPITAL WITHDRAWAL -,KOTAK SMALL CAP FUND OF INCOME DISTRIBUTION CUM CAPITAL WITHDRAWAL,small_cap,8.81,low
120586,ICICI PRUDENTIAL LARGE CAP FUND (ERSTWHILE BLUECHIP FUND) - -,ICICI PRUDENTIAL LARGE CAP FUND (ERSTWHILE BLUECHIP FUND),large_cap,8.8,low
141877,DSP NIFTY 50 EQUAL WEIGHT INDEX FUND - -,DSP NIFTY 50 EQUAL WEIGHT INDEX FUND,index_fund,8.78,medium
119354,BARODA BNP PARIBAS MULTI CAP FUND - -,BARODA BNP PARIBAS MULTI CAP FUND,multi_cap,8.77,medium
119715,SBI MIDCAP FUND - - INCOME DISTRIBUTION CUM CAPITAL WITHDRAWAL ( ),SBI MIDCAP FUND INCOME DISTRIBUTION CUM CAPITAL WITHDRAWAL ( ),mid_cap,8.76,low
118278,CANARA ROBECO LARGE AND MID CAP FUND - -,CANARA ROBECO LARGE AND MID CAP FUND,mid_cap,8.76,medium
120186,ICICI PRUDENTIAL US BLUECHIP EQUITY FUND - -,ICICI PRUDENTIAL US BLUECHIP EQUITY FUND,large_cap,8.73,high
120599,ICICI PRUDENTIAL MULTICAP FUND - -,ICICI PRUDENTIAL MULTICAP FUND,multi_cap,8.72,low
118535,FRANKLIN INDIA FLEXI CAP FUND - -,FRANKLIN INDIA FLEXI CAP FUND,multi_cap,8.71,medium
119071,DSP MIDCAP FUND - -,DSP MIDCAP FUND,mid_cap,8.71,medium
133710,LIC MF LARGE & MID CAP FUND- -,LIC MF LARGE & MID CAP FUND,mid_cap,8.69,medium
120726,UTI MID CAP FUND- -,UTI MID CAP FUND,mid_cap,8.64,medium
119620,ADITYA BIRLA SUN LIFE MIDCAP FUND - -,ADITYA BIRLA SUN LIFE MIDCAP FUND,mid_cap,8.61,medium
120402,INVESCO INDIA MIDCAP FUND - - ( / ),INVESCO INDIA MIDCAP FUND ( / ),mid_cap,8.6,high
119566,SUNDARAM LARGE AND MIDCAP FUND -,SUNDARAM LARGE AND MIDCAP FUND,mid_cap,8.58,low
118275,CANARA ROBECO FLEXICAP FUND - -,CANARA ROBECO FLEXICAP FUND,multi_cap,8.55,low
119720,SBI LARGE & MIDCAP FUND - - INCOME DISTRIBUTION CUM CAPITAL WITHDRAWAL ( ),SBI LARGE & MIDCAP FUND INCOME DISTRIBUTION CUM CAPITAL WITHDRAWAL ( ),mid_cap,8.55,low
119076,DSP FLEXI CAP FUND - -,DSP FLEXI CAP FUND,multi_cap,8.54,medium
118269,CANARA ROBECO LARGE CAP FUND - -,CANARA ROBECO LARGE CAP FUND,large_cap,8.53,low
133839,PGIM INDIA FLEXI CAP FUND - -,PGIM INDIA FLEXI CAP FUND,multi_cap,8.53,medium
120412,INVESCO INDIA MULTICAP FUND - - ( / ),INVESCO INDIA MULTICAP FUND ( / ),multi_cap,8.51,medium
135744,KOTAK NIFTY 50 VALUE 20 ETF - OF INCOME DISTRIBUTION CUM CAPITAL WITHDRAWAL,KOTAK NIFTY 50 VALUE 20 ETF OF INCOME DISTRIBUTION CUM CAPITAL WITHDRAWAL,index_fund,8.51,medium
128639,NIPPON INDIA ETF NIFTY OPPORTUNITIES 50,NIPPON INDIA ETF NIFTY OPPORTUNITIES 50,index_fund,8.51,high
120413,INVESCO INDIA MULTICAP FUND - -,INVESCO INDIA MULTICAP FUND,multi_cap,8.49,medium
120564,ADITYA BIRLA SUN LIFE FLEXI CAP FUND - -,ADITYA BIRLA SUN LIFE FLEXI CAP FUND,multi_cap,8.47,medium
118675,NIPPON INDIA VISION LARGE & MID CAP FUND - -,NIPPON INDIA VISION LARGE & MID CAP FUND,mid_cap,8.44,medium
119350,BANK OF INDIA LARGE & MID CAP FUND -,BANK OF INDIA LARGE & MID CAP FUND,mid_cap,8.34,medium
120392,INVESCO INDIA LARGECAP FUND - -,INVESCO INDIA LARGECAP FUND,large_cap,8.33,medium
144543,TATA FLEXI CAP FUND - OF INCOME DISTRIBUTION CUM CAPITAL WITHDRAWAL,TATA FLEXI CAP FUND OF INCOME DISTRIBUTION CUM CAPITAL WITHDRAWAL,multi_cap,8.33,low
144546,TATA FLEXI CAP FUND- -,TATA FLEXI CAP FUND,multi_cap,8.33,low
141415,NAVI LARGE & MIDCAP FUND - HALF YEARLY,NAVI LARGE & MIDCAP FUND HALF YEARLY,mid_cap,8.31,low
118872,TAURUS MID CAP FUND - -,TAURUS MID CAP FUND,mid_cap,8.24,high
141414,NAVI LARGE & MIDCAP FUND -,NAVI LARGE & MIDCAP FUND,mid_cap,8.24,low
135679,NAVI LARGE & MIDCAP FUND - NORMAL,NAVI LARGE & MIDCAP FUND NORMAL,mid_cap,8.19,low
118617,EDELWEISS LARGE CAP FUND - -,EDELWEISS LARGE CAP FUND,large_cap,8.18,medium
118479,BANDHAN LARGE CAP FUND- -,BANDHAN LARGE CAP FUND,large_cap,8.17,medium
128331,NIPPON INDIA ETF NIFTY INDIA CONSUMPTION,NIPPON INDIA ETF NIFTY INDIA CONSUMPTION,index_fund,8.15,medium
118873,TAURUS MID CAP FUND - - OF INCOME DISTRIBUTION CUM CAPITAL WITHDRAWAL,TAURUS MID CAP FUND OF INCOME DISTRIBUTION CUM CAPITAL WITHDRAWAL,mid_cap,8.11,high
120166,KOTAK FLEXICAP FUND - -,KOTAK FLEXICAP FUND,multi_cap,8.09,medium
120152,KOTAK LARGE CAP FUND - -,KOTAK LARGE CAP FUND,large_cap,8.07,medium
120242,ICICI PRUDENTIAL MULTI SECTOR PASSIVE FOF - -,ICICI PRUDENTIAL MULTI SECTOR PASSIVE FOF,index_fund,8.07,low
143341,UTI NIFTY NEXT 50 INDEX FUND - -,UTI NIFTY NEXT 50 INDEX FUND,index_fund,8.03,high
120046,HSBC FLEXI CAP FUND -,HSBC FLEXI CAP FUND,multi_cap,8.0,medium
119292,UNION FLEXI CAP FUND - -,UNION FLEXI CAP FUND,multi_cap,7.95,medium
129046,MOTILAL OSWAL FLEXI CAP FUND -,MOTILAL OSWAL FLEXI CAP FUND,multi_cap,7.94,high
119202,TATA LARGE & MID CAP FUND - -,TATA LARGE & MID CAP FUND,mid_cap,7.92,low
143797,NAVI FLEXI CAP FUND - HALF YEARLY,NAVI FLEXI CAP FUND HALF YEARLY,multi_cap,7.91,medium
143798,NAVI FLEXI CAP FUND -,NAVI FLEXI CAP FUND,multi_cap,7.89,medium
119018,HDFC LARGE CAP FUND - -,HDFC LARGE CAP FUND,large_cap,7.88,medium
143792,NAVI FLEXI CAP FUND - NORMAL,NAVI FLEXI CAP FUND NORMAL,multi_cap,7.87,medium
110601,BANK OF INDIA LARGE & MID CAP FUND ECO -,BANK OF INDIA LARGE & MID CAP FUND ECO,mid_cap,7.84,medium
118510,FRANKLIN INDIA LARGE & MID CAP FUND - -,FRANKLIN INDIA LARGE & MID CAP FUND,mid_cap,7.83,low
145633,MIRAE ASSET NIFTY 50 ETF,MIRAE ASSET NIFTY 50 ETF,index_fund,7.82,medium
119556,ADITYA BIRLA SUN LIFE SMALL CAP FUND - -,ADITYA BIRLA SUN LIFE SMALL CAP FUND,small_cap,7.79,medium
119201,TATA LARGE & MID CAP FUND - OF,TATA LARGE & MID CAP FUND OF,mid_cap,7.77,low
134013,SBI NIFTY NEXT 50 ETF,SBI NIFTY NEXT 50 ETF,index_fund,7.76,high
119528,ADITYA BIRLA SUN LIFE LARGE CAP FUND - -,ADITYA BIRLA SUN LIFE LARGE CAP FUND,large_cap,7.71,low
118825,MIRAE ASSET LARGE CAP FUND - -,MIRAE ASSET LARGE CAP FUND,large_cap,7.71,medium
134014,SBI BSE 100 ETF,SBI BSE 100 ETF,index_fund,7.69,medium
140085,NIPPON INDIA ETF NIFTY NEXT 50 JUNIOR BEES,NIPPON INDIA ETF NIFTY NEXT 50 JUNIOR BEES,index_fund,7.62,high
119598,SBI LARGE CAP FUND- -,SBI LARGE CAP FUND,large_cap,7.62,low
135607,LIC MF NIFTY 50 ETF,LIC MF NIFTY 50 ETF,index_fund,7.59,medium
139839,BANDHAN NIFTY 50 ETF,BANDHAN NIFTY 50 ETF,index_fund,7.59,low
119250,DSP LARGE CAP FUND - -,DSP LARGE CAP FUND,large_cap,7.57,low
119160,TATA LARGE CAP FUND -,TATA LARGE CAP FUND,large_cap,7.55,medium
144587,ICICI PRUDENTIAL NIFTY NEXT 50 ETF,ICICI PRUDENTIAL NIFTY NEXT 50 ETF,index_fund,7.54,high
134956,JM LARGE CAP FUND ( ) -,JM LARGE CAP FUND ( ),large_cap,7.52,high
118482,BANDHAN NIFTY 50 INDEX FUND- -,BANDHAN NIFTY 50 INDEX FUND,index_fund,7.5,medium
135106,SBI NIFTY 50 ETF,SBI NIFTY 50 ETF,index_fund,7.49,medium
135391,ICICI PRUDENTIAL NIFTY 50 INDEX FUND -,ICICI PRUDENTIAL NIFTY 50 INDEX FUND,index_fund,7.48,medium
134957,JM LARGE CAP FUND ( ) - HALF YEARLY,JM LARGE CAP FUND ( ) HALF YEARLY,large_cap,7.48,high
120030,HSBC LARGE CAP FUND -,HSBC LARGE CAP FUND,large_cap,7.47,medium
136473,LIC MF NIFTY 100 ETF,LIC MF NIFTY 100 ETF,index_fund,7.46,medium
131331,NIPPON INDIA ETF BSE SENSEX,NIPPON INDIA ETF BSE SENSEX,index_fund,7.43,low
128236,IDBI FLEXI CAP FUND,IDBI FLEXI CAP FUND,multi_cap,7.43,low
118581,FRANKLIN INDIA INDEX FUND- NSE NIFTY 50 INDEX FUND- -,FRANKLIN INDIA INDEX FUND NSE NIFTY 50 INDEX FUND,index_fund,7.43,medium
119585,SBI LARGE CAP FUND - - INCOME DISTRIBUTION CUM CAPITAL WITHDRAWAL ( ),SBI LARGE CAP FUND INCOME DISTRIBUTION CUM CAPITAL WITHDRAWAL ( ),large_cap,7.43,low
140174,EDELWEISS LARGE AND MID CAP FUND - -,EDELWEISS LARGE AND MID CAP FUND,mid_cap,7.42,medium
115284,INVESCO INDIA NIFTY 50 EXCHANGE TRADED FUND,INVESCO INDIA NIFTY 50 EXCHANGE TRADED FUND,index_fund,7.42,medium
135672,LIC MF BSE SENSEX ETF,LIC MF BSE SENSEX ETF,index_fund,7.42,medium
119827,SBI NIFTY INDEX FUND - -,SBI NIFTY INDEX FUND,index_fund,7.42,medium
119826,SBI NIFTY INDEX FUND - - INCOME DISTRIBUTION CUM CAPITAL WITHDRAWAL ( ),SBI NIFTY INDEX FUND INCOME DISTRIBUTION CUM CAPITAL WITHDRAWAL ( ),index_fund,7.42,medium
135321,UTI BSE SENSEX ETF,UTI BSE SENSEX ETF,index_fund,7.41,low
111938,EDELWEISS LARGE CAP FUND - B -,EDELWEISS LARGE CAP FUND B,large_cap,7.4,medium
113069,MOTILAL OSWAL NIFTY 50 ETF,MOTILAL OSWAL NIFTY 50 ETF,index_fund,7.39,medium
119288,TATA NIFTY 50 INDEX FUND -,TATA NIFTY 50 INDEX FUND,index_fund,7.37,medium
141925,AXIS FLEXI CAP FUND - -,AXIS FLEXI CAP FUND,multi_cap,7.37,medium
120717,UTI NIFTY 50 INDEX FUND - -,UTI NIFTY 50 INDEX FUND,index_fund,7.37,medium
119063,HDFC NIFTY 50 INDEX FUND -,HDFC NIFTY 50 INDEX FUND,index_fund,7.36,medium
119718,SBI FLEXICAP FUND - -,SBI FLEXICAP FUND,multi_cap,7.36,low
111939,EDELWEISS LARGE CAP FUND - C -,EDELWEISS LARGE CAP FUND C,large_cap,7.35,low
118785,NIPPON INDIA INDEX FUND - BSE SENSEX - -,NIPPON INDIA INDEX FUND BSE SENSEX,index_fund,7.35,medium
101705,ICICI PRUDENTIAL BSE SENSEX ETF,ICICI PRUDENTIAL BSE SENSEX ETF,index_fund,7.34,low
120684,ICICI PRUDENTIAL NIFTY NEXT 50 INDEX FUND - -,ICICI PRUDENTIAL NIFTY NEXT 50 INDEX FUND,index_fund,7.33,high
119648,ADITYA BIRLA SUN LIFE NIFTY 50 INDEX FUND - -,ADITYA BIRLA SUN LIFE NIFTY 50 INDEX FUND,index_fund,7.32,medium
118741,NIPPON INDIA INDEX FUND - NIFTY 50 - -,NIPPON INDIA INDEX FUND NIFTY 50,index_fund,7.32,medium
118531,FRANKLIN INDIA LARGE CAP FUND- -,FRANKLIN INDIA LARGE CAP FUND,large_cap,7.32,low
121366,ICICI PRUDENTIAL NIFTY 50 ETF,ICICI PRUDENTIAL NIFTY 50 ETF,index_fund,7.32,medium
120309,LIC MF NIFTY 50 INDEX FUND- -,LIC MF NIFTY 50 INDEX FUND,index_fund,7.32,medium
108479,QUANTUM NIFTY 50 ETF,QUANTUM NIFTY 50 ETF,index_fund,7.3,medium
118424,BANDHAN FLEXI CAP FUND- -,BANDHAN FLEXI CAP FUND,multi_cap,7.3,low
119065,HDFC BSE SENSEX INDEX FUND -,HDFC BSE SENSEX INDEX FUND,index_fund,7.29,medium
141841,ICICI PRUDENTIAL BSE SENSEX INDEX FUND - - CUMULATIVE,ICICI PRUDENTIAL BSE SENSEX INDEX FUND CUMULATIVE,index_fund,7.29,medium
120620,ICICI PRUDENTIAL NIFTY 50 INDEX FUND - CUMULATIVE,ICICI PRUDENTIAL NIFTY 50 INDEX FUND CUMULATIVE,index_fund,7.26,medium
141842,ICICI PRUDENTIAL BSE SENSEX INDEX FUND - -,ICICI PRUDENTIAL BSE SENSEX INDEX FUND,index_fund,7.24,medium
120165,KOTAK FLEXICAP FUND - OF INCOME DISTRIBUTION CUM CAPITAL WITHDRAWAL -,KOTAK FLEXICAP FUND OF INCOME DISTRIBUTION CUM CAPITAL WITHDRAWAL,multi_cap,7.24,medium
121109,SBI BSE SENSEX ETF,SBI BSE SENSEX ETF,index_fund,7.23,low
118347,IDBI NIFTY 50 INDEX FUND,IDBI NIFTY 50 INDEX FUND,index_fund,7.22,low
119159,TATA LARGE CAP FUND- - OF,TATA LARGE CAP FUND OF,large_cap,7.21,medium
120656,UTI LARGE CAP FUND - -,UTI LARGE CAP FUND,large_cap,7.2,low
119287,TATA S&P BSE SENSEX INDEX FUND -,TATA S&P BSE SENSEX INDEX FUND,index_fund,7.2,low
120312,LIC MF BSE SENSEX INDEX FUND- -,LIC MF BSE SENSEX INDEX FUND,index_fund,7.18,low
140814,GROWW LARGECAP FUND (FORMERLY KNOWN AS INDIABULLS BLUECHIP FUND)- - HALF YEARLY -INCOME DISTRIBUTION CUM CAPITAL WITHDRAWAL ( & ),GROWW LARGECAP FUND (FORMERLY KNOWN AS INDIABULLS BLUECHIP FUND) HALF YEARLY INCOME DISTRIBUTION CUM CAPITAL WITHDRAWAL ( & ),large_cap,7.16,medium
140811,GROWW LARGECAP FUND (FORMERLY KNOWN AS INDIABULLS BLUECHIP FUND)- - - INCOME DISTRIBUTION CUM CAPITAL WITHDRAWAL ( & ),GROWW LARGECAP FUND (FORMERLY KNOWN AS INDIABULLS BLUECHIP FUND) INCOME DISTRIBUTION CUM CAPITAL WITHDRAWAL ( & ),large_cap,7.15,medium
145648,SBI NIFTY 200 QUALITY 30 ETF,SBI NIFTY 200 QUALITY 30 ETF,index_fund,7.14,medium
120465,AXIS LARGE CAP FUND - -,AXIS LARGE CAP FUND,large_cap,7.11,low
118881,TAURUS NIFTY 50 INDEX FUND - -,TAURUS NIFTY 50 INDEX FUND,index_fund,7.11,low
140089,NIPPON INDIA ETF NIFTY PSU BANK BEES,NIPPON INDIA ETF NIFTY PSU BANK BEES,index_fund,7.09,high
121146,NIPPON INDIA ETF NIFTY 100,NIPPON INDIA ETF NIFTY 100,index_fund,7.08,medium
118882,TAURUS NIFTY 50 INDEX FUND - - OF INCOME DISTRIBUTION CUM CAPITAL WITHDRAWAL,TAURUS NIFTY 50 INDEX FUND OF INCOME DISTRIBUTION CUM CAPITAL WITHDRAWAL,index_fund,7.06,low
134008,SBI NIFTY BANK ETF,SBI NIFTY BANK ETF,index_fund,7.06,high
119133,GROWW LARGECAP FUND (FORMERLY KNOWN AS INDIABULLS BLUE CHIP FUND) - -,GROWW LARGECAP FUND (FORMERLY KNOWN AS INDIABULLS BLUE CHIP FUND),large_cap,7.05,medium
139840,BANDHAN BSE SENSEX ETF,BANDHAN BSE SENSEX ETF,index_fund,7.03,low
138312,PGIM INDIA LARGE CAP FUND - -,PGIM INDIA LARGE CAP FUND,large_cap,7.01,low
127040,MOTILAL OSWAL MIDCAP FUND- - /,MOTILAL OSWAL MIDCAP FUND /,mid_cap,6.94,high
135859,EDELWEISS ETF - NIFTY BANK,EDELWEISS ETF NIFTY BANK,index_fund,6.93,high
133122,KOTAK NIFTY BANK ETF,KOTAK NIFTY BANK ETF,index_fund,6.84,high
119436,ADITYA BIRLA SUN LIFE LARGE & MID CAP FUND - -,ADITYA BIRLA SUN LIFE LARGE & MID CAP FUND,mid_cap,6.84,medium
141249,UNION LARGECAP FUND - -,UNION LARGECAP FUND,large_cap,6.81,medium
120662,UTI - FLEXI CAP FUND- -,UTI FLEXI CAP FUND,multi_cap,6.78,low
106260,NIPPON INDIA MID CAP FUND - INSTITUTIONAL -,NIPPON INDIA MID CAP FUND INSTITUTIONAL,mid_cap,6.78,high
120264,LIC MF FLEXI CAP FUND- -,LIC MF FLEXI CAP FUND,multi_cap,6.57,medium
120153,KOTAK LARGE CAP FUND - OF INCOME DISTRIBUTION CUM CAPITAL WITHDRAWAL -,KOTAK LARGE CAP FUND OF INCOME DISTRIBUTION CUM CAPITAL WITHDRAWAL,large_cap,6.56,low
120267,LIC MF LARGE CAP FUND- -,LIC MF LARGE CAP FUND,large_cap,6.53,medium
119717,SBI FLEXICAP FUND - - INCOME DISTRIBUTION CUM CAPITAL WITHDRAWAL ( ),SBI FLEXICAP FUND INCOME DISTRIBUTION CUM CAPITAL WITHDRAWAL ( ),multi_cap,6.5,low
118270,CANARA ROBECO LARGE CAP FUND - - ( / ),CANARA ROBECO LARGE CAP FUND ( / ),large_cap,6.47,medium
144906,SHRIRAM FLEXI CAP FUND - -,SHRIRAM FLEXI CAP FUND,multi_cap,6.39,high
118870,TAURUS LARGE CAP FUND - -,TAURUS LARGE CAP FUND,large_cap,6.35,medium
118745,NIPPON INDIA INDEX FUND - NIFTY 50 - - HALF YEARLY -,NIPPON INDIA INDEX FUND NIFTY 50 HALF YEARLY,index_fund,6.1,medium
118348,IDBI NIFTY NEXT 50 INDEX FUND,IDBI NIFTY NEXT 50 INDEX FUND,index_fund,6.09,medium
118788,NIPPON INDIA INDEX FUND - BSE SENSEX - - HALF YEARLY -,NIPPON INDIA INDEX FUND BSE SENSEX HALF YEARLY,index_fund,6.09,medium
118485,BANDHAN AGGRESSIVE HYBRID PASSIVE FOF - -,BANDHAN AGGRESSIVE HYBRID PASSIVE FOF,index_fund,6.05,low
118883,TAURUS FLEXI CAP FUND - -,TAURUS FLEXI CAP FUND,multi_cap,5.78,medium
114457,KOTAK LARGE CAP FUND - OF INCOME DISTRIBUTION CUMCAPITAL WITHDRAWAL,KOTAK LARGE CAP FUND OF INCOME DISTRIBUTION CUMCAPITAL WITHDRAWAL,large_cap,5.63,low
118277,CANARA ROBECO LARGE AND MID CAP FUND - - ( / ),CANARA ROBECO LARGE AND MID CAP FUND ( / ),mid_cap,5.53,medium
119582,SUNDARAM MID CAP FUND - INCOME DISTRIBUTION CUM CAPITAL WITHDRAWAL ( ),SUNDARAM MID CAP FUND INCOME DISTRIBUTION CUM CAPITAL WITHDRAWAL ( ),mid_cap,5.32,high
118489,BANDHAN MULTI ASSET PASSIVE FOF - -,BANDHAN MULTI ASSET PASSIVE FOF,index_fund,5.23,low
140094,NIPPON INDIA ETF NIFTY 50 SHARIAH BEES,NIPPON INDIA ETF NIFTY 50 SHARIAH BEES,index_fund,5.1,medium
120393,INVESCO INDIA LARGECAP FUND - - ( / ),INVESCO INDIA LARGECAP FUND ( / ),large_cap,4.95,high
118276,CANARA ROBECO FLEXICAP FUND - - ( / ),CANARA ROBECO FLEXICAP FUND ( / ),multi_cap,4.8,medium
118884,TAURUS FLEXI CAP FUND - - OF INCOME DISTRIBUTION CUM CAPITAL WITHDRAWAL,TAURUS FLEXI CAP FUND OF INCOME DISTRIBUTION CUM CAPITAL WITHDRAWAL,multi_cap,4.49,medium
118871,TAURUS LARGE CAP FUND - - OF INCOME DISTRIBUTION CUM CAPITAL WITHDRAWAL,TAURUS LARGE CAP FUND OF INCOME DISTRIBUTION CUM CAPITAL WITHDRAWAL,large_cap,4.4,medium
113076,ICICI PRUDENTIAL GOLD ETF,ICICI PRUDENTIAL GOLD ETF,index_fund,4.39,high
119588,SUNDARAM SMALL CAP FUND - INCOME DISTRIBUTION CUM CAPITAL WITHDRAWAL ( ),SUNDARAM SMALL CAP FUND INCOME DISTRIBUTION CUM CAPITAL WITHDRAWAL ( ),small_cap,4.38,medium
118486,BANDHAN CONSERVATIVE HYBRID PASSIVE FOF - -,BANDHAN CONSERVATIVE HYBRID PASSIVE FOF,index_fund,4.26,low
129047,MOTILAL OSWAL FLEXI CAP FUND - /,MOTILAL OSWAL FLEXI CAP FUND /,multi_cap,3.93,high
140088,NIPPON INDIA ETF GOLD BEES,NIPPON INDIA ETF GOLD BEES,index_fund,3.89,high
119565,SUNDARAM LARGE AND MIDCAP - INCOME DISTRIBUTION CUM CAPITAL WITHDRAWAL ( ),SUNDARAM LARGE AND MIDCAP INCOME DISTRIBUTION CUM CAPITAL WITHDRAWAL ( ),mid_cap,3.76,medium
112351,KOTAK NIFTY 50 ETF,KOTAK NIFTY 50 ETF,index_fund,3.6,medium
133307,LIC MF NIFTY 8 13 YR G SEC ETF,LIC MF NIFTY 8 13 YR G SEC ETF,index_fund,3.5,low
139496,NIPPON INDIA ETF NIFTY 8 13 YR G SEC LONG TERM GILT,NIPPON INDIA ETF NIFTY 8 13 YR G SEC LONG TERM GILT,index_fund,3.43,low
139430,SBI NIFTY 10 YR BENCHMARK G SEC ETF,SBI NIFTY 10 YR BENCHMARK G SEC ETF,index_fund,3.24,low
140087,NIPPON INDIA ETF NIFTY BANK BEES,NIPPON INDIA ETF NIFTY BANK BEES,index_fund,1.43,high
140084,NIPPON INDIA ETF NIFTY 50 BEES,NIPPON INDIA ETF NIFTY 50 BEES,index_fund,1.41,medium
134782,NIPPON INDIA ETF NIFTY 50 VALUE 20,NIPPON INDIA ETF NIFTY 50 VALUE 20,index_fund,0.65,medium
113434,AXIS GOLD ETF,AXIS GOLD ETF,index_fund,0.55,high
114984,MOTILAL OSWAL NASDAQ 100 ETF (MOFN100),MOTILAL OSWAL NASDAQ 100 ETF (MOFN100),index_fund,0.48,high
141545,AXIS NIFTY 50 ETF,AXIS NIFTY 50 ETF,index_fund,0.38,low
140095,NIPPON INDIA ETF HANG SENG BEES,NIPPON INDIA ETF HANG SENG BEES,index_fund,0.31,high
106193,KOTAK GOLD ETF,KOTAK GOLD ETF,index_fund,0.15,high
144947,ICICI PRUDENTIAL BSE LIQUID RATE ETF -,ICICI PRUDENTIAL BSE LIQUID RATE ETF,index_fund,0.07,low
140086,NIPPON INDIA ETF NIFTY 1D RATE LIQUID BEES - DAILY,NIPPON INDIA ETF NIFTY 1D RATE LIQUID BEES DAILY,index_fund,0.01,low
142589,DSP NIFTY 1D RATE LIQUID ETF,DSP NIFTY 1D RATE LIQUID ETF,index_fund,-0.04,low
113049,HDFC GOLD ETF -,HDFC GOLD ETF,index_fund,-0.74,high
141665,UTI NIFTY NEXT 50 EXCHANGE TRADED FUND,UTI NIFTY NEXT 50 EXCHANGE TRADED FUND,index_fund,-1.09,high
145881,ADITYA BIRLA SUNLIFE NIFTY NEXT 50 ETF,ADITYA BIRLA SUNLIFE NIFTY NEXT 50 ETF,index_fund,-1.62,high
135853,HDFC NIFTY 50 ETF -,HDFC NIFTY 50 ETF,index_fund,-2.02,medium
143247,ICICI PRUDENTIAL BSE 500 ETF,ICICI PRUDENTIAL BSE 500 ETF,index_fund,-2.45,medium
115127,ADITYA BIRLA SUN LIFE GOLD ETF,ADITYA BIRLA SUN LIFE GOLD ETF,index_fund,-2.63,high
111954,SBI GOLD ETF,SBI GOLD ETF,index_fund,-3.0,high
115512,ADITYA BIRLA SUN LIFE NIFTY 50 ETF,ADITYA BIRLA SUN LIFE NIFTY 50 ETF,index_fund,-3.44,medium
139581,ADITYA BIRLA SUN LIFE BSE SENSEX ETF,ADITYA BIRLA SUN LIFE BSE SENSEX ETF,index_fund,-3.7,medium
109010,KOTAK BSE SENSEX ETF,KOTAK BSE SENSEX ETF,index_fund,-4.91,low
135320,UTI NIFTY 50 ETF,UTI NIFTY 50 ETF,index_fund,-7.82,high
123004,ICICI PRUDENTIAL NIFTY 100 ETF,ICICI PRUDENTIAL NIFTY 100 ETF,index_fund,-8.86,high
139455,ICICI PRUDENTIAL NIFTY50 VALUE 20 ETF,ICICI PRUDENTIAL NIFTY50 VALUE 20 ETF,index_fund,-9.26,high
139519,ICICI PRUDENTIAL BSE MIDCAP SELECT ETF,ICICI PRUDENTIAL BSE MIDCAP SELECT ETF,index_fund,-9.6,high
141596,ICICI PRUDENTIAL NIFTY 100 LOW VOLATILITY 30 ETF,ICICI PRUDENTIAL NIFTY 100 LOW VOLATILITY 30 ETF,index_fund,-10.06,high
135854,HDFC BSE SENSEX ETF -,HDFC BSE SENSEX ETF,index_fund,-12.21,high
